lang,condition,layer,n_pairs,emb_cos,ctl_cos,cohen_d_cos,p_cos,emb_l2,ctl_l2,cohen_d_l2,p_l2,seed
eng,curriculum,0,578,0.8572364,0.8638826,-0.2393607348203659,9.363078e-06,0.34400126,0.34251854,0.03484857827425,0.42395356,42
eng,curriculum,1,578,0.5283457,0.5338029,-0.1451343297958374,0.0072553945,3.3903558,3.3688734,0.0387735441327095,0.3502488,42
eng,curriculum,2,578,0.5113034,0.514528,-0.1100921854376792,0.048429903,5.0283546,5.0307393,-0.0040095928125083,0.9244207,42
eng,curriculum,3,578,0.5361551,0.53996027,-0.1305538713932037,0.015768638,5.8371534,5.839224,-0.0031048238743096,0.94175816,42
eng,curriculum,4,578,0.5440299,0.5464669,-0.0874985307455062,0.11069996,6.7884974,6.8139825,-0.0349172987043857,0.44014537,42
eng,curriculum,5,578,0.56588954,0.5673322,-0.0517289899289608,0.34742233,7.372758,7.4084196,-0.0451686270534992,0.32385242,42
eng,curriculum,6,578,0.5733824,0.5756504,-0.0784426778554916,0.15814157,7.7538977,7.788549,-0.0410852879285812,0.37690756,42
eng,curriculum,7,578,0.58219326,0.5846199,-0.0825381278991699,0.14535113,7.868451,7.8880925,-0.0229740589857101,0.61784494,42
eng,curriculum,8,578,0.58775216,0.59124124,-0.1104182600975036,0.052464407,7.8689327,7.8707533,-0.0020925095304846,0.96351963,42
eng,curriculum,9,578,0.59291613,0.5971825,-0.1202634125947952,0.038197238,7.76698,7.749902,0.0191740654408931,0.6778296,42
eng,curriculum,10,578,0.6051525,0.61036974,-0.1367881447076797,0.01947293,7.704767,7.6585174,0.0502494014799594,0.27316007,42
eng,curriculum,11,578,0.62659484,0.6327534,-0.1433046609163284,0.013177511,7.615772,7.567514,0.049050286412239,0.2812995,42
eng,curriculum,12,578,0.66547006,0.67246836,-0.1590523570775985,0.00543465,23.380085,23.288609,0.0332562997937202,0.5050295,42
nld,curriculum,0,245,0.85625315,0.85837257,-0.082596331834793,0.29931703,0.34437162,0.34596688,-0.0380549877882003,0.54272044,42
nld,curriculum,1,245,0.5185079,0.52266544,-0.1160189360380172,0.16661091,3.4170384,3.4291356,-0.0229151286184787,0.7202169,42
nld,curriculum,2,245,0.49762964,0.5008095,-0.1124990507960319,0.17381054,5.1378746,5.1700754,-0.0574597604572773,0.3791775,42
nld,curriculum,3,245,0.5194864,0.5236369,-0.1492102295160293,0.06505559,5.94303,5.9888062,-0.0742389559745788,0.2626412,42
nld,curriculum,4,245,0.52309203,0.52847517,-0.1976653039455413,0.017293733,6.924692,6.979614,-0.081013023853302,0.2533144,42
nld,curriculum,5,245,0.5458033,0.5512589,-0.1980801373720169,0.019014928,7.500414,7.569625,-0.0950557067990303,0.18653153,42
nld,curriculum,6,245,0.5576486,0.56320965,-0.1999240964651107,0.021428201,7.852074,7.939906,-0.1129162162542343,0.12513396,42
nld,curriculum,7,245,0.5668237,0.5715227,-0.1653621941804886,0.052529857,7.941986,8.035339,-0.118815504014492,0.106241144,42
nld,curriculum,8,245,0.57347685,0.5775147,-0.1362532675266266,0.116966434,7.9203844,8.017244,-0.1217516735196113,0.09954786,42
nld,curriculum,9,245,0.5792037,0.5824729,-0.1006001234054565,0.24808547,7.793738,7.892872,-0.120815023779869,0.098188244,42
nld,curriculum,10,245,0.5856917,0.5885826,-0.082916110754013,0.3494407,7.6597686,7.7538652,-0.1122464165091514,0.12280754,42
nld,curriculum,11,245,0.60406995,0.6080443,-0.1010974422097206,0.26018798,7.534454,7.614984,-0.0911107510328292,0.20450225,42
nld,curriculum,12,245,0.64292866,0.6479301,-0.1220973506569862,0.17659913,23.282495,23.524183,-0.0985644608736038,0.19183783,42
zho,curriculum,0,279,0.7683299,0.77806264,-0.3053388893604278,0.00023210986,0.48322693,0.4691668,0.2115017622709274,5.6789704e-05,42
zho,curriculum,1,279,0.4388452,0.43912166,-0.0073172319680452,0.92779154,4.7293143,4.6493907,0.1182573810219764,0.036058594,42
zho,curriculum,2,279,0.44635364,0.44779718,-0.0442178547382354,0.58996755,6.382934,6.306496,0.0989121794700622,0.10503731,42
zho,curriculum,3,279,0.4648655,0.46639046,-0.0486358515918254,0.5440911,7.3300624,7.262636,0.0751791298389434,0.22309898,42
zho,curriculum,4,279,0.47176445,0.47365856,-0.0585161224007606,0.46817762,8.388632,8.319518,0.0677370801568031,0.2948902,42
zho,curriculum,5,279,0.49094597,0.4907844,0.0047377170994877,0.9532514,9.063688,9.003294,0.0549587681889534,0.3943622,42
zho,curriculum,6,279,0.49767485,0.49721918,0.0125937825068831,0.87405616,9.469636,9.418296,0.0444129668176174,0.49079522,42
zho,curriculum,7,279,0.5116497,0.51120126,0.011939681135118,0.87882626,9.655979,9.574051,0.0709578245878219,0.25792414,42
zho,curriculum,8,279,0.5230689,0.5209705,0.0529207736253738,0.49013498,9.703731,9.614538,0.0776524543762207,0.20894723,42
zho,curriculum,9,279,0.53546524,0.5317898,0.0869649350643158,0.25178322,9.65844,9.554584,0.090858481824398,0.149379,42
zho,curriculum,10,279,0.54517806,0.540345,0.102939635515213,0.1614023,9.594594,9.4676075,0.110054075717926,0.08972812,42
zho,curriculum,11,279,0.5636191,0.5566321,0.1339133977890014,0.066817656,9.517305,9.398693,0.0976999551057815,0.14101641,42
zho,curriculum,12,279,0.6060403,0.5961364,0.1806847006082534,0.015089378,29.007896,29.033825,-0.0073877046816051,0.91228396,42
eng,curriculum,0,578,0.85311615,0.85952824,-0.2115935236215591,8.1020095e-05,0.3491014,0.34732598,0.0411274917423725,0.35330516,43
eng,curriculum,1,578,0.5211876,0.5277131,-0.1455220282077789,0.004051663,3.3558052,3.326624,0.050116091966629,0.23096313,43
eng,curriculum,2,578,0.48659644,0.48997715,-0.1005879715085029,0.0553372,5.167895,5.160418,0.0118573494255542,0.78174335,43
eng,curriculum,3,578,0.51288927,0.5142804,-0.0436564907431602,0.40748498,5.9844856,5.99583,-0.0159102492034435,0.7080888,43
eng,curriculum,4,578,0.53797245,0.53802186,-0.0015987213701009,0.97596073,6.699926,6.73218,-0.0408526696264743,0.3522933,43
eng,curriculum,5,578,0.55067575,0.54969716,0.032045304775238,0.55350673,7.491352,7.5454626,-0.0614844001829624,0.17841211,43
eng,curriculum,6,578,0.5580239,0.55656594,0.0480498224496841,0.38473782,7.9847975,8.060136,-0.0787731111049652,0.09625645,43
eng,curriculum,7,578,0.56333244,0.56403697,-0.0239936020225286,0.66505295,8.115697,8.149003,-0.0358533263206481,0.4423397,43
eng,curriculum,8,578,0.56997377,0.57166386,-0.0538412891328334,0.32888815,8.082856,8.097251,-0.015376228839159,0.73885334,43
eng,curriculum,9,578,0.579887,0.5810968,-0.0360190719366073,0.51790357,8.008887,8.0049305,0.0042590191587805,0.9260773,43
eng,curriculum,10,578,0.5918831,0.5939593,-0.0556550249457359,0.3155893,7.8665385,7.852061,0.0154222836717963,0.7321153,43
eng,curriculum,11,578,0.6159475,0.619318,-0.0811729729175567,0.14504218,7.729944,7.697417,0.0334149859845638,0.45307463,43
eng,curriculum,12,578,0.6584834,0.66188747,-0.0798441171646118,0.15330333,23.674915,23.653574,0.0078440476208925,0.8717373,43
nld,curriculum,0,245,0.85227627,0.85644925,-0.1457898914813995,0.063600294,0.34852967,0.34862646,-0.0022233228664845,0.97130233,43
nld,curriculum,1,245,0.5154481,0.52399915,-0.2029788047075271,0.011788706,3.3579361,3.3644655,-0.0115905730053782,0.85586,43
nld,curriculum,2,245,0.478993,0.48286587,-0.1194384321570396,0.14049894,5.2416296,5.272643,-0.0498013719916343,0.45044807,43
nld,curriculum,3,245,0.49951634,0.5014396,-0.058933425694704,0.46718305,6.0825896,6.1444426,-0.088127963244915,0.18983506,43
nld,curriculum,4,245,0.5177322,0.5204188,-0.0827042013406753,0.30590037,6.8156557,6.9015956,-0.1133694872260093,0.10264037,43
nld,curriculum,5,245,0.52990294,0.5316976,-0.0599583387374877,0.48824447,7.642418,7.7495146,-0.1293340325355529,0.07123208,43
nld,curriculum,6,245,0.5387252,0.539156,-0.014710895717144,0.866588,8.143055,8.278215,-0.1514673233032226,0.041125182,43
nld,curriculum,7,245,0.5467277,0.5472792,-0.0193003620952367,0.8201057,8.219311,8.355611,-0.1592687219381332,0.029275466,43
nld,curriculum,8,245,0.5498556,0.55150807,-0.055243331938982,0.52187735,8.152818,8.292994,-0.1664647161960601,0.022562284,43
nld,curriculum,9,245,0.55966586,0.56236047,-0.0871695429086685,0.316485,8.012986,8.136451,-0.1502234190702438,0.035806183,43
nld,curriculum,10,245,0.5727788,0.57660246,-0.1140320673584938,0.1956688,7.7842455,7.9014387,-0.1412766724824905,0.044542436,43
nld,curriculum,11,245,0.5922742,0.5980632,-0.1524860709905624,0.08779484,7.5942564,7.699371,-0.1210022568702697,0.08796815,43
nld,curriculum,12,245,0.6386521,0.6448023,-0.1524756699800491,0.07654821,23.352655,23.618704,-0.112410619854927,0.13723944,43
zho,curriculum,0,279,0.76820356,0.7774621,-0.2989542484283447,0.00034555822,0.4835059,0.47032362,0.1942932307720184,0.00021661445,43
zho,curriculum,1,279,0.4324503,0.43737745,-0.1200095638632774,0.14436334,4.7307515,4.6417055,0.1216101124882698,0.031094123,43
zho,curriculum,2,279,0.42802092,0.4335591,-0.1476993113756179,0.06727794,6.5634346,6.4636893,0.1172716617584228,0.05618835,43
zho,curriculum,3,279,0.45002976,0.45532402,-0.1429929584264755,0.06863675,7.4875374,7.39334,0.0953810736536979,0.12380845,43
zho,curriculum,4,279,0.47251546,0.47542685,-0.0795969143509864,0.30278096,8.313181,8.233599,0.0708436444401741,0.26825553,43
zho,curriculum,5,279,0.48544163,0.48691282,-0.0399457477033138,0.5939353,9.106684,9.0555105,0.0403381660580635,0.5419036,43
zho,curriculum,6,279,0.49045914,0.49144053,-0.0259585697203874,0.73547935,9.653224,9.62272,0.0219921320676803,0.7438664,43
zho,curriculum,7,279,0.5045883,0.50440174,0.0048472764901816,0.9497601,9.854295,9.798057,0.0420221611857414,0.5201958,43
zho,curriculum,8,279,0.5103981,0.5090611,0.0319359339773654,0.679772,9.909173,9.836936,0.0551917068660259,0.39317846,43
zho,curriculum,9,279,0.5224543,0.51898426,0.0768888592720031,0.3101538,9.860693,9.775347,0.0668603330850601,0.28894833,43
zho,curriculum,10,279,0.53442013,0.53021264,0.0851915776729583,0.26356232,9.728176,9.6236105,0.0837739631533622,0.1829265,43
zho,curriculum,11,279,0.5557043,0.5505879,0.095311015844345,0.20507582,9.612531,9.497054,0.0913177579641342,0.1487623,43
zho,curriculum,12,279,0.597833,0.59194726,0.10196503251791,0.17935903,29.327337,29.244675,0.0228157434612512,0.7257072,43
eng,curriculum,0,578,0.8624574,0.8691028,-0.2310521155595779,1.4251962e-05,0.33960667,0.3374126,0.0506534576416015,0.25225163,44
eng,curriculum,1,578,0.5358735,0.54414237,-0.1665672808885574,0.00073898153,3.3323975,3.3041058,0.046111311763525,0.25984293,44
eng,curriculum,2,578,0.5066147,0.5107384,-0.1197472438216209,0.02122238,5.1448607,5.144761,0.0001568076841067,0.9969919,44
eng,curriculum,3,578,0.52950436,0.53160006,-0.0663059204816818,0.19700092,5.9538035,5.9700027,-0.0229043327271938,0.5780892,44
eng,curriculum,4,578,0.5508127,0.5514096,-0.0195117834955453,0.708456,6.671765,6.709017,-0.0474579595029354,0.26748627,44
eng,curriculum,5,578,0.5552616,0.5552947,-0.0011332752183079,0.9834746,7.624939,7.682717,-0.0700146928429603,0.13118707,44
eng,curriculum,6,578,0.56894964,0.56936646,-0.0143716158345341,0.7994358,7.9430537,7.993151,-0.0568170361220836,0.22114168,44
eng,curriculum,7,578,0.5785701,0.5789034,-0.0111901145428419,0.84515584,8.024111,8.062069,-0.0424410440027713,0.35515204,44
eng,curriculum,8,578,0.5864845,0.5876922,-0.038633681833744,0.50474596,7.9887533,8.000825,-0.013520261272788,0.76736087,44
eng,curriculum,9,578,0.59299046,0.59471065,-0.050248883664608,0.39133707,7.8836546,7.8826942,0.0010615291539579,0.9813336,44
eng,curriculum,10,578,0.603641,0.60660845,-0.0776946768164634,0.17759839,7.823047,7.801967,0.0228222999721765,0.61397725,44
eng,curriculum,11,578,0.6242743,0.6292636,-0.1149758026003837,0.046072654,7.6805778,7.649645,0.0321562923491001,0.4732749,44
eng,curriculum,12,578,0.66502374,0.6704362,-0.1211367920041084,0.034392405,23.4522,23.401758,0.0189591757953166,0.7040516,44
nld,curriculum,0,245,0.8621742,0.8653923,-0.1207861453294754,0.13242722,0.33889824,0.33931965,-0.0098791569471359,0.8734862,44
nld,curriculum,1,245,0.5224261,0.52924526,-0.1499961614608764,0.054463066,3.3677585,3.3644788,0.005584658589214,0.93134433,44
nld,curriculum,2,245,0.48950312,0.49751285,-0.244479089975357,0.001506906,5.2714424,5.278181,-0.0110870180651545,0.8653951,44
nld,curriculum,3,245,0.51304805,0.5211661,-0.2675840258598327,0.0006346878,6.0793557,6.10153,-0.0331387668848037,0.6039788,44
nld,curriculum,4,245,0.5325234,0.5390768,-0.2203777581453323,0.004769195,6.7956243,6.8521214,-0.0764252915978431,0.24763764,44
nld,curriculum,5,245,0.53912044,0.542865,-0.12595896422863,0.120435074,7.7298756,7.8099756,-0.1011254861950874,0.15674014,44
nld,curriculum,6,245,0.5559589,0.5582502,-0.0800005942583084,0.33388767,8.017447,8.117919,-0.1200054213404655,0.09587436,44
nld,curriculum,7,245,0.5648189,0.56673235,-0.0634275376796722,0.436895,8.074839,8.195539,-0.1439131796360016,0.049143936,44
nld,curriculum,8,245,0.57325155,0.5752166,-0.0629348158836364,0.45986506,7.9951015,8.112435,-0.1419314444065094,0.056894425,44
nld,curriculum,9,245,0.57560664,0.57839906,-0.0846637561917305,0.3235319,7.8504815,7.9740424,-0.1465457081794738,0.049450908,44
nld,curriculum,10,245,0.5819432,0.58591545,-0.1108329743146896,0.19871671,7.7365985,7.8462605,-0.1279961317777633,0.08242013,44
nld,curriculum,11,245,0.60048014,0.60443014,-0.1010549515485763,0.25609344,7.5626197,7.6766014,-0.1279755681753158,0.08079453,44
nld,curriculum,12,245,0.642708,0.64446336,-0.0426510460674762,0.6182517,23.208916,23.586033,-0.1564185321331024,0.044644564,44
zho,curriculum,0,279,0.7671289,0.7760058,-0.2676885724067688,0.00093086576,0.4851259,0.47267202,0.182823896408081,0.00031207586,44
zho,curriculum,1,279,0.4414091,0.44689056,-0.1296309679746627,0.11671779,4.748012,4.6551056,0.1207230910658836,0.034370326,44
zho,curriculum,2,279,0.44838423,0.45232862,-0.1074214577674865,0.18853256,6.4748755,6.3910036,0.0981727465987205,0.10817488,44
zho,curriculum,3,279,0.46168408,0.4652273,-0.100312627851963,0.21760017,7.419138,7.3461704,0.0759218037128448,0.227132,44
zho,curriculum,4,279,0.47795394,0.4814345,-0.0992527678608894,0.22001357,8.251994,8.179511,0.0668104365468025,0.30188957,44
zho,curriculum,5,279,0.48472884,0.48739377,-0.077313981950283,0.3295065,9.228667,9.16399,0.0546441785991191,0.42085943,44
zho,curriculum,6,279,0.4986647,0.50162095,-0.0848388895392417,0.26018894,9.62733,9.556501,0.0570101290941238,0.39619058,44
zho,curriculum,7,279,0.5163693,0.5179352,-0.0417795181274414,0.5679256,9.779569,9.700564,0.0634452924132347,0.33087835,44
zho,curriculum,8,279,0.52762765,0.52880365,-0.0286045651882886,0.69417983,9.756393,9.670858,0.068603441119194,0.28346282,44
zho,curriculum,9,279,0.53542626,0.5354116,0.0003173736913595,0.9964153,9.68534,9.58517,0.0807897672057151,0.20636517,44
zho,curriculum,10,279,0.54613763,0.54440284,0.0350998155772686,0.6157191,9.611953,9.496052,0.0941198244690895,0.14236628,44
zho,curriculum,11,279,0.5667413,0.5611647,0.0986939072608947,0.1609142,9.483821,9.375044,0.0863515883684158,0.18925992,44
zho,curriculum,12,279,0.6045029,0.5989934,0.0915930271148681,0.20704068,28.974371,28.881266,0.0258216895163059,0.70119876,44
eng,curriculum,0,578,0.8650821,0.8722069,-0.2425881028175354,4.1973426e-06,0.33281443,0.32947907,0.0748834535479545,0.08462589,45
eng,curriculum,1,578,0.55859005,0.56635875,-0.1618459671735763,0.001062765,3.2375145,3.2038102,0.0554751195013523,0.18633018,45
eng,curriculum,2,578,0.54064906,0.5439034,-0.0940215587615966,0.06655315,4.871864,4.8626275,0.0145789356902241,0.7322268,45
eng,curriculum,3,578,0.5494931,0.5504052,-0.0288146380335092,0.5782858,5.7424,5.755035,-0.0180220212787389,0.67402214,45
eng,curriculum,4,578,0.566958,0.5670698,-0.003810511669144,0.9418597,6.465332,6.494987,-0.0386886857450008,0.37728563,45
eng,curriculum,5,578,0.5802717,0.5798042,0.0162021145224571,0.7666125,7.2953715,7.3383594,-0.0515261478722095,0.26414642,45
eng,curriculum,6,578,0.58671546,0.5869745,-0.0087248403578996,0.8748772,7.737748,7.789446,-0.0564347654581069,0.23418061,45
eng,curriculum,7,578,0.59350693,0.59487873,-0.0446684844791889,0.4103243,7.857514,7.9002614,-0.0452824980020523,0.33194104,45
eng,curriculum,8,578,0.5966812,0.59921646,-0.0793580710887909,0.14590284,7.8485603,7.863224,-0.01574875600636,0.73012996,45
eng,curriculum,9,578,0.5992232,0.60257095,-0.1000589653849601,0.07145276,7.79637,7.785746,0.0115151684731245,0.7982955,45
eng,curriculum,10,578,0.6053027,0.6088447,-0.0941052958369255,0.090635315,7.715146,7.6911454,0.0255545433610677,0.56785375,45
eng,curriculum,11,578,0.623365,0.62839156,-0.1173474863171577,0.03918767,7.6602483,7.6255703,0.0353141464293003,0.42985496,45
eng,curriculum,12,578,0.6607722,0.6665909,-0.132674440741539,0.01966751,23.564085,23.485863,0.0285952948033809,0.56793064,45
nld,curriculum,0,245,0.865595,0.86840683,-0.0971680730581283,0.20128685,0.33060327,0.3316534,-0.0231441110372543,0.7054912,45
nld,curriculum,1,245,0.55361253,0.5598134,-0.1374750286340713,0.07798067,3.230941,3.2455516,-0.0252868626266717,0.6941235,45
nld,curriculum,2,245,0.5368595,0.54029566,-0.106540136039257,0.1750161,4.9102683,4.9433646,-0.0546480864286422,0.40279946,45
nld,curriculum,3,245,0.5447083,0.54679674,-0.0712224245071411,0.3663571,5.785769,5.8381376,-0.0786687135696411,0.22929513,45
nld,curriculum,4,245,0.5615499,0.56383675,-0.0839358568191528,0.30138546,6.501128,6.570789,-0.0968656316399574,0.1509529,45
nld,curriculum,5,245,0.5729948,0.574141,-0.0440825074911117,0.59840286,7.3406987,7.4384885,-0.124247059226036,0.08029663,45
nld,curriculum,6,245,0.57928985,0.57889825,0.0151503374800086,0.858268,7.794891,7.92977,-0.1593450456857681,0.030021105,45
nld,curriculum,7,245,0.58661956,0.58594507,0.0252425577491521,0.76830477,7.882987,8.028943,-0.1697548776865005,0.021613963,45
nld,curriculum,8,245,0.58837605,0.5894445,-0.0388608798384666,0.65242267,7.82363,7.9672074,-0.1715559065341949,0.019401236,45
nld,curriculum,9,245,0.5899416,0.5907467,-0.0274860523641109,0.75820327,7.716837,7.8575015,-0.1712366789579391,0.019182406,45
nld,curriculum,10,245,0.5961939,0.59651,-0.0095028756186366,0.9159529,7.584403,7.713617,-0.1541261225938797,0.03303671,45
nld,curriculum,11,245,0.6099324,0.61362326,-0.0979292094707489,0.28029585,7.485896,7.5791464,-0.1064934879541397,0.13777813,45
nld,curriculum,12,245,0.64751416,0.6502175,-0.0683726817369461,0.45837224,23.134342,23.484543,-0.1490533947944641,0.05691505,45
zho,curriculum,0,279,0.77474034,0.78413707,-0.2958967685699463,0.00045009278,0.4746934,0.461162,0.2011982947587967,0.00019076388,45
zho,curriculum,1,279,0.46632627,0.47034544,-0.096863679587841,0.23547867,4.624522,4.5297656,0.1273184567689895,0.025053624,45
zho,curriculum,2,279,0.48221105,0.48544395,-0.0869827270507812,0.28206447,6.226821,6.1398525,0.1021444648504257,0.090643406,45
zho,curriculum,3,279,0.49200124,0.49472228,-0.0750512778759002,0.34256455,7.1535463,7.081595,0.074054017663002,0.2222713,45
zho,curriculum,4,279,0.50400525,0.5055017,-0.0409308522939682,0.6019394,8.0194,7.951877,0.0610487572848796,0.32731962,45
zho,curriculum,5,279,0.5167044,0.5182671,-0.0432317927479743,0.57516885,8.85266,8.793674,0.0479496531188488,0.45884562,45
zho,curriculum,6,279,0.5209829,0.522014,-0.0279708076268434,0.71166587,9.369132,9.320525,0.0365662164986133,0.5770544,45
zho,curriculum,7,279,0.53042316,0.5311146,-0.0177308544516563,0.8087832,9.548034,9.500746,0.0349559225142002,0.5883786,45
zho,curriculum,8,279,0.5370109,0.5381015,-0.0261959303170442,0.7184941,9.579331,9.498269,0.062606357038021,0.32060963,45
zho,curriculum,9,279,0.5466068,0.54586536,0.0167260728776454,0.819075,9.570704,9.470193,0.0797678530216217,0.20002514,45
zho,curriculum,10,279,0.55695474,0.5533106,0.0750209391117096,0.30482358,9.482342,9.370278,0.0905468538403511,0.14589503,45
zho,curriculum,11,279,0.5721784,0.56488544,0.1323834806680679,0.067222595,9.366653,9.262137,0.0837693884968757,0.1810092,45
zho,curriculum,12,279,0.613213,0.6061636,0.1205614581704139,0.098076835,28.641241,28.623343,0.0050523770041763,0.93893814,45
eng,curriculum,0,578,0.8597883,0.86580616,-0.2085671126842498,7.7571895e-05,0.33970734,0.33791244,0.0411565080285072,0.3405389,46
eng,curriculum,1,578,0.5309199,0.5356299,-0.1017619594931602,0.048188522,3.301808,3.2689416,0.0547228828072547,0.20207492,46
eng,curriculum,2,578,0.47732955,0.47770095,-0.0098974937573075,0.8564442,5.151668,5.152529,-0.0013270328054204,0.9753299,46
eng,curriculum,3,578,0.489389,0.48929745,0.0025868860539048,0.9624778,6.0803056,6.0900474,-0.0137963192537426,0.7476067,46
eng,curriculum,4,578,0.51965785,0.51843333,0.0376957915723323,0.48883396,6.7125072,6.73709,-0.03210274502635,0.46194595,46
eng,curriculum,5,578,0.54005015,0.53854716,0.0506027564406394,0.36873603,7.4602904,7.513519,-0.0646543949842453,0.15352498,46
eng,curriculum,6,578,0.5497791,0.54865265,0.0387817583978176,0.48984444,8.034269,8.103825,-0.0783145353198051,0.09626825,46
eng,curriculum,7,578,0.5600864,0.5607954,-0.0240352302789688,0.6602449,8.134076,8.186379,-0.0555270202457904,0.23455717,46
eng,curriculum,8,578,0.56981504,0.571241,-0.0458854027092456,0.40304226,8.137179,8.165707,-0.0300009679049253,0.5157101,46
eng,curriculum,9,578,0.5827778,0.5860717,-0.0983538478612899,0.077259704,8.00203,8.004074,-0.002161470009014,0.9624049,46
eng,curriculum,10,578,0.5965458,0.6003515,-0.1021347269415855,0.07067441,7.8424625,7.808237,0.0358581766486167,0.43079883,46
eng,curriculum,11,578,0.6187779,0.62369406,-0.1188054159283638,0.034793563,7.694463,7.6434355,0.0514221787452697,0.25614217,46
eng,curriculum,12,578,0.6592975,0.6655249,-0.1484163999557495,0.008133879,23.695053,23.583046,0.0406063944101333,0.413427,46
nld,curriculum,0,245,0.85716975,0.86056995,-0.1225131750106811,0.1226176,0.34146813,0.34157148,-0.0023348336108028,0.9706018,46
nld,curriculum,1,245,0.5198595,0.52638996,-0.1518636345863342,0.052071366,3.33042,3.3137047,0.0292841251939535,0.64049983,46
nld,curriculum,2,245,0.45832664,0.46344152,-0.1389294564723968,0.09493215,5.243718,5.2507777,-0.0115836076438426,0.8582426,46
nld,curriculum,3,245,0.47393003,0.4794819,-0.1582570374011993,0.059065375,6.153336,6.1776314,-0.0367838852107524,0.5636899,46
nld,curriculum,4,245,0.50040925,0.5056192,-0.1625707596540451,0.044967826,6.798386,6.858579,-0.0869476571679115,0.18819503,46
nld,curriculum,5,245,0.52923715,0.5322877,-0.1120054721832275,0.16940588,7.505966,7.6092296,-0.1424060463905334,0.041938245,46
nld,curriculum,6,245,0.5412732,0.543194,-0.0727894902229309,0.3719165,8.070106,8.192379,-0.1538827419281005,0.037789878,46
nld,curriculum,7,245,0.5533075,0.5538137,-0.0186959151178598,0.8155817,8.1355715,8.283807,-0.1769846975803375,0.017744748,46
nld,curriculum,8,245,0.5617474,0.5634825,-0.0605242364108562,0.46890137,8.085302,8.215577,-0.1558821201324463,0.033940002,46
nld,curriculum,9,245,0.5753216,0.5770871,-0.0569497793912887,0.50796103,7.908916,8.027132,-0.14165560901165,0.049459115,46
nld,curriculum,10,245,0.58289284,0.58518404,-0.0667503029108047,0.46159023,7.6916265,7.7977433,-0.1277469992637634,0.07599385,46
nld,curriculum,11,245,0.5983178,0.6027592,-0.113132432103157,0.208362,7.4994884,7.5951242,-0.1108044683933258,0.11710774,46
nld,curriculum,12,245,0.6380036,0.64216775,-0.0981712564826011,0.27423176,23.36271,23.67941,-0.1303381472826004,0.08738901,46
zho,curriculum,0,279,0.7674276,0.77885824,-0.3307563066482544,2.85927e-05,0.4832803,0.469006,0.2039342075586319,7.566956e-05,46
zho,curriculum,1,279,0.4321578,0.4370014,-0.115576758980751,0.16247329,4.7656426,4.6359067,0.1699276268482208,0.0029837159,46
zho,curriculum,2,279,0.4192645,0.4232117,-0.1048211753368377,0.20892324,6.5878386,6.4565177,0.1542680263519287,0.01127276,46
zho,curriculum,3,279,0.43393463,0.43468955,-0.0197591949254274,0.8071401,7.570099,7.4725304,0.1008634716272354,0.099226765,46
zho,curriculum,4,279,0.45493466,0.45610473,-0.0314673148095607,0.6868365,8.349687,8.24832,0.0948427245020866,0.12386388,46
zho,curriculum,5,279,0.47719747,0.47862676,-0.039317425340414,0.60617006,9.094679,9.008548,0.0735682472586631,0.24553695,46
zho,curriculum,6,279,0.49094805,0.4904468,0.0137667339295148,0.85764706,9.618899,9.570319,0.0380765125155448,0.5588259,46
zho,curriculum,7,279,0.50099504,0.50022346,0.0203208345919847,0.7872805,9.791182,9.735513,0.0413520820438861,0.5255628,46
zho,curriculum,8,279,0.5116245,0.51139927,0.0056461319327354,0.9403431,9.814847,9.736138,0.059236817061901,0.3516416,46
zho,curriculum,9,279,0.52475244,0.5236264,0.0259904209524393,0.7312791,9.708601,9.620681,0.0677905529737472,0.28274018,46
zho,curriculum,10,279,0.53989667,0.53786576,0.0423977188766002,0.5674982,9.564954,9.457143,0.084997184574604,0.17652306,46
zho,curriculum,11,279,0.56566095,0.5591108,0.12043147534132,0.10748611,9.41207,9.317694,0.0754360780119896,0.24374668,46
zho,curriculum,12,279,0.60758877,0.6005663,0.1186452507972717,0.106876425,28.86445,28.810196,0.0151705434545874,0.8214874,46
eng,curriculum,0,578,0.8604923,0.8666962,-0.2140093147754669,3.445916e-05,0.33911356,0.33771777,0.0320702865719795,0.44484213,47
eng,curriculum,1,578,0.5232414,0.5289223,-0.1338566541671753,0.010521405,3.3743896,3.3473945,0.0470363944768905,0.26368082,47
eng,curriculum,2,578,0.4899841,0.49176216,-0.0610198974609375,0.2718287,5.151306,5.1546836,-0.0055740717798471,0.8984114,47
eng,curriculum,3,578,0.5037773,0.50224465,0.051666721701622,0.3488227,6.0646,6.0943236,-0.0432491227984428,0.32982907,47
eng,curriculum,4,578,0.5258539,0.5232733,0.0861280709505081,0.11961873,6.8382826,6.8870974,-0.0629105940461158,0.17512465,47
eng,curriculum,5,578,0.5416828,0.5383046,0.1110503524541854,0.045719385,7.555248,7.6311054,-0.0852199867367744,0.07505977,47
eng,curriculum,6,578,0.55018073,0.54756254,0.0873274803161621,0.12067206,7.930827,8.003139,-0.0759369432926178,0.117315106,47
eng,curriculum,7,578,0.56128544,0.5587704,0.0858111977577209,0.12413495,8.077567,8.147214,-0.0739078000187873,0.11813612,47
eng,curriculum,8,578,0.56723213,0.56624395,0.0330235585570335,0.5550945,8.129914,8.179863,-0.0529449582099914,0.25427276,47
eng,curriculum,9,578,0.57765174,0.57769036,-0.0011955689406022,0.98292243,8.016546,8.04366,-0.0292525123804807,0.5234169,47
eng,curriculum,10,578,0.59050745,0.5907746,-0.0074136378243565,0.8950439,7.8843822,7.8974895,-0.0139564853161573,0.75943345,47
eng,curriculum,11,578,0.6145067,0.6163407,-0.0448099598288536,0.42786115,7.727306,7.7320647,-0.0048702815547585,0.91459495,47
eng,curriculum,12,578,0.66144437,0.6637419,-0.0537076033651828,0.33464926,23.562767,23.619368,-0.0206144824624061,0.6754668,47
nld,curriculum,0,245,0.85759604,0.86305046,-0.198262333869934,0.0095500015,0.34255448,0.3405685,0.0443069264292717,0.45445126,47
nld,curriculum,1,245,0.50762683,0.51487046,-0.1909981369972229,0.028213896,3.4128149,3.4153223,-0.0045736311003565,0.94466317,47
nld,curriculum,2,245,0.47486085,0.47787583,-0.1090846732258796,0.21528897,5.2490463,5.287273,-0.0654723495244979,0.33938897,47
nld,curriculum,3,245,0.49309424,0.49555776,-0.0865136384963989,0.295956,6.1255207,6.1944904,-0.1034576222300529,0.13338773,47
nld,curriculum,4,245,0.515368,0.51709926,-0.060100220143795,0.4581002,6.868293,6.975366,-0.14439757168293,0.04198545,47
nld,curriculum,5,245,0.5339664,0.5332265,0.0268494840711355,0.74155796,7.5824575,7.7382627,-0.1867367923259735,0.011874053,47
nld,curriculum,6,245,0.54488474,0.54347944,0.0508074462413787,0.5437568,7.944552,8.110145,-0.1869363784790039,0.012477715,47
nld,curriculum,7,245,0.55648154,0.5542654,0.079328179359436,0.3419173,8.037792,8.221477,-0.2119651585817337,0.004329026,47
nld,curriculum,8,245,0.5653414,0.562895,0.0895100831985473,0.2919598,8.076908,8.260149,-0.214396595954895,0.0040341094,47
nld,curriculum,9,245,0.57029223,0.56857085,0.0580904185771942,0.49287862,7.9416366,8.11087,-0.2016291320323944,0.006229592,47
nld,curriculum,10,245,0.5784304,0.57624364,0.0667906031012535,0.43899027,7.768789,7.937545,-0.1978706866502761,0.007321439,47
nld,curriculum,11,245,0.5963623,0.59634507,0.0004809593665413,0.995734,7.588925,7.7281966,-0.1565195173025131,0.03157323,47
nld,curriculum,12,245,0.6411037,0.64146096,-0.0093026170507073,0.9161271,23.322676,23.742386,-0.1730369329452514,0.024948053,47
zho,curriculum,0,279,0.77680373,0.7878358,-0.33619424700737,6.141936e-05,0.47604415,0.46128637,0.2155550420284271,6.313364e-05,47
zho,curriculum,1,279,0.45642036,0.4629614,-0.1656446605920791,0.05050548,4.641787,4.5344906,0.1519146263599395,0.0070176874,47
zho,curriculum,2,279,0.45645836,0.45983493,-0.096562959253788,0.24806896,6.3310595,6.2381163,0.1149550527334213,0.060748715,47
zho,curriculum,3,279,0.47110707,0.4749898,-0.1133290976285934,0.16515222,7.3322334,7.2445536,0.0931104272603988,0.13763987,47
zho,curriculum,4,279,0.48924136,0.49093202,-0.0494128577411174,0.5290571,8.172328,8.098836,0.068225584924221,0.29618648,47
zho,curriculum,5,279,0.50027037,0.5000911,0.0049932054243981,0.9469215,8.929656,8.891638,0.0305884927511215,0.6493037,47
zho,curriculum,6,279,0.50679034,0.5064805,0.008058963343501,0.91205007,9.349549,9.316131,0.0250473655760288,0.71060365,47
zho,curriculum,7,279,0.5180944,0.5176125,0.0120870405808091,0.8709187,9.55332,9.506275,0.0358516052365303,0.5831606,47
zho,curriculum,8,279,0.5253962,0.5244264,0.0230903215706348,0.75238335,9.721382,9.637424,0.0645395889878273,0.31744,47
zho,curriculum,9,279,0.5329848,0.5314396,0.0349067449569702,0.63458467,9.681718,9.577928,0.0832123383879661,0.19383894,47
zho,curriculum,10,279,0.5472603,0.5441986,0.0640422999858856,0.38944846,9.524833,9.427186,0.080305591225624,0.20607251,47
zho,curriculum,11,279,0.5697902,0.56327456,0.120033398270607,0.10960107,9.356467,9.277317,0.0658706203103065,0.31140566,47
zho,curriculum,12,279,0.60855204,0.6013525,0.1212703958153724,0.10831165,28.77596,28.748615,0.0078438781201839,0.908385,47
eng,curriculum,0,578,0.8609582,0.86768425,-0.2170865386724472,3.966102e-05,0.3379105,0.33514854,0.0604718178510665,0.16971822,48
eng,curriculum,1,578,0.5033227,0.51157796,-0.1750632673501968,0.000628008,3.4540577,3.4239848,0.0494347549974918,0.25483125,48
eng,curriculum,2,578,0.4486576,0.45424587,-0.1584570109844207,0.0034807778,5.407624,5.4025593,0.0079485103487968,0.8556963,48
eng,curriculum,3,578,0.46449977,0.468205,-0.1180595457553863,0.034385625,6.312048,6.320494,-0.0120333964005112,0.7821978,48
eng,curriculum,4,578,0.49376968,0.49565598,-0.0635654181241989,0.24457075,7.056595,7.086499,-0.0382083654403686,0.39428833,48
eng,curriculum,5,578,0.5239373,0.5231321,0.0279532484710216,0.6217894,7.6785283,7.7453523,-0.0766760930418968,0.098299965,48
eng,curriculum,6,578,0.5456,0.54378945,0.0619281940162181,0.28693455,8.113167,8.215132,-0.1063761562108993,0.028986558,48
eng,curriculum,7,578,0.5584557,0.5578378,0.0206557791680097,0.722687,8.173995,8.246993,-0.0770694613456726,0.110190704,48
eng,curriculum,8,578,0.5703162,0.5719399,-0.0527727678418159,0.3703084,8.0767975,8.115035,-0.0416543036699295,0.37762848,48
eng,curriculum,9,578,0.58485556,0.58818966,-0.1013919934630394,0.08725871,7.92713,7.937603,-0.0115708261728286,0.80592966,48
eng,curriculum,10,578,0.6031302,0.60649335,-0.0898014903068542,0.12970771,7.8106127,7.800547,0.0108050042763352,0.819349,48
eng,curriculum,11,578,0.62725765,0.6309586,-0.0859614685177803,0.1472063,7.7094812,7.6971517,0.0125026665627956,0.7903232,48
eng,curriculum,12,578,0.66877246,0.67190796,-0.0713795199990272,0.23299001,23.351429,23.359735,-0.0030236465390771,0.95395464,48
nld,curriculum,0,245,0.85964084,0.86349463,-0.1296507269144058,0.101456836,0.33850476,0.33742526,0.0233993381261825,0.7057467,48
nld,curriculum,1,245,0.4934879,0.50134474,-0.1779851615428924,0.029222995,3.487861,3.4805,0.0126212881878018,0.84490854,48
nld,curriculum,2,245,0.43621448,0.44216335,-0.1847655028104782,0.032678984,5.5008006,5.51937,-0.030387794598937,0.64870495,48
nld,curriculum,3,245,0.4495874,0.45573306,-0.2007529139518737,0.019318433,6.4038944,6.44582,-0.0627925992012023,0.3387804,48
nld,curriculum,4,245,0.4784843,0.48484445,-0.2076471745967865,0.012619941,7.1416154,7.2108517,-0.0928819850087165,0.16795526,48
nld,curriculum,5,245,0.5102154,0.51450866,-0.14711494743824,0.06852333,7.7930818,7.895947,-0.1236952170729637,0.07495854,48
nld,curriculum,6,245,0.53544915,0.537728,-0.0781591683626174,0.35273498,8.208294,8.349014,-0.1543517857789993,0.03555374,48
nld,curriculum,7,245,0.5510862,0.55226696,-0.039572924375534,0.63572186,8.224036,8.381065,-0.1748839914798736,0.016830292,48
nld,curriculum,8,245,0.56112945,0.56262445,-0.0471879839897155,0.5714826,8.094985,8.254935,-0.1854018419981002,0.011901022,48
nld,curriculum,9,245,0.57301235,0.57548636,-0.0747267827391624,0.3675685,7.89372,8.057022,-0.1943955719470977,0.008929195,48
nld,curriculum,10,245,0.58585703,0.5881607,-0.0658111125230789,0.42475858,7.7209344,7.8791256,-0.1882689744234085,0.010391777,48
nld,curriculum,11,245,0.60652363,0.60891134,-0.0624715089797973,0.4684869,7.544215,7.69351,-0.1689739674329757,0.020410437,48
nld,curriculum,12,245,0.64775723,0.6510971,-0.0855355113744735,0.32801372,23.088026,23.513027,-0.1786759495735168,0.018100029,48
zho,curriculum,0,279,0.76930803,0.7787354,-0.3059375584125519,0.00014509883,0.48237872,0.4687667,0.2032323181629181,4.9983017e-05,48
zho,curriculum,1,279,0.4214192,0.42247403,-0.0260432176291942,0.7480231,4.8363476,4.7585883,0.1051665991544723,0.06382051,48
zho,curriculum,2,279,0.3948907,0.39768556,-0.0756885036826133,0.36965564,6.8164124,6.738149,0.0919355228543281,0.13738148,48
zho,curriculum,3,279,0.41325876,0.4157438,-0.0687178000807762,0.41508296,7.762662,7.693978,0.0693830773234367,0.27277678,48
zho,curriculum,4,279,0.43691924,0.43900168,-0.0575206205248832,0.47489,8.614569,8.544383,0.0614744015038013,0.34237343,48
zho,curriculum,5,279,0.46050376,0.46442625,-0.1056649610400199,0.16230121,9.305277,9.243859,0.0477271750569343,0.47207007,48
zho,curriculum,6,279,0.4778881,0.47982308,-0.0495254136621952,0.50591487,9.764325,9.740933,0.0165955536067485,0.80928016,48
zho,curriculum,7,279,0.49620402,0.4999412,-0.0882034599781036,0.21906902,9.83613,9.783796,0.0377301760017871,0.56829625,48
zho,curriculum,8,279,0.5123427,0.5149637,-0.0581882670521736,0.4126741,9.832853,9.747107,0.0646922215819358,0.3143021,48
zho,curriculum,9,279,0.52593267,0.5270573,-0.0243985578417778,0.72852695,9.77111,9.65545,0.0907447263598442,0.1539263,48
zho,curriculum,10,279,0.5391615,0.539839,-0.0134981665760278,0.84767926,9.669761,9.540083,0.1039888858795166,0.10310267,48
zho,curriculum,11,279,0.56136215,0.5609461,0.0075329639948904,0.91375864,9.555265,9.411011,0.1137010678648948,0.07911249,48
zho,curriculum,12,279,0.6037486,0.6026522,0.0183076858520507,0.7998702,29.035372,28.811382,0.0608257055282592,0.3554688,48
eng,curriculum,0,578,0.857652,0.8633092,-0.1995027661323547,0.00011585688,0.34429044,0.34261537,0.0393817014992237,0.35863382,49
eng,curriculum,1,578,0.52076507,0.52808005,-0.1581739485263824,0.001642458,3.370427,3.3398082,0.052217423915863,0.20707047,49
eng,curriculum,2,578,0.48218006,0.48707342,-0.1432254910469055,0.005676264,5.164279,5.1614013,0.0047172452323138,0.9103237,49
eng,curriculum,3,578,0.5043443,0.50779516,-0.105833925306797,0.042073328,6.0216703,6.037912,-0.0232070703059434,0.58739847,49
eng,curriculum,4,578,0.5346027,0.5366171,-0.0694093257188797,0.1842997,6.83052,6.8687043,-0.0505386367440223,0.25954244,49
eng,curriculum,5,578,0.55801606,0.5595972,-0.0577112771570682,0.2679484,7.4388094,7.4813185,-0.05274223908782,0.24427968,49
eng,curriculum,6,578,0.56531924,0.5665757,-0.04492699354887,0.397931,7.9031353,7.946599,-0.0512033551931381,0.2682561,49
eng,curriculum,7,578,0.57019114,0.57135886,-0.0401440188288688,0.46436507,8.061441,8.121963,-0.0668243691325187,0.1591046,49
eng,curriculum,8,578,0.5744469,0.5761986,-0.0571212135255336,0.31198654,7.993903,8.027361,-0.0371563807129859,0.4258054,49
eng,curriculum,9,578,0.5831093,0.5857005,-0.077084980905056,0.18009098,7.8622465,7.873486,-0.0124499630182981,0.7870292,49
eng,curriculum,10,578,0.5936069,0.5980268,-0.1188168078660965,0.038712267,7.7765565,7.7698903,0.0072276513092219,0.87481517,49
eng,curriculum,11,578,0.61679137,0.6216391,-0.1163268312811851,0.041579083,7.6865935,7.6797028,0.0070917573757469,0.87683666,49
eng,curriculum,12,578,0.66005707,0.6655476,-0.1279213279485702,0.024804298,23.720814,23.66407,0.0208981167525053,0.6723948,49
nld,curriculum,0,245,0.8593291,0.85957307,-0.0091696362942457,0.9093912,0.34064603,0.34394634,-0.0785674452781677,0.20186748,49
nld,curriculum,1,245,0.5143239,0.5165614,-0.0558309741318225,0.45762402,3.377109,3.3960645,-0.0346181467175483,0.5877153,49
nld,curriculum,2,245,0.4685038,0.47292075,-0.1432329565286636,0.060765788,5.267066,5.2978334,-0.0545074790716171,0.40814316,49
nld,curriculum,3,245,0.48947996,0.494319,-0.1628999710083007,0.032699466,6.1160784,6.1631627,-0.0742173567414283,0.26347226,49
nld,curriculum,4,245,0.5218415,0.5270315,-0.193874791264534,0.019699667,6.9180613,6.987233,-0.0993630737066268,0.1547114,49
nld,curriculum,5,245,0.5510937,0.5553097,-0.1687559485435485,0.04196457,7.4839177,7.57244,-0.1201315969228744,0.08645599,49
nld,curriculum,6,245,0.55956185,0.56402886,-0.1782702803611755,0.03470452,7.9148407,8.009218,-0.1223718523979187,0.09023023,49
nld,curriculum,7,245,0.56275564,0.56776196,-0.190735712647438,0.021315493,8.086909,8.188475,-0.1242899745702743,0.09064886,49
nld,curriculum,8,245,0.5675295,0.5718694,-0.1513923108577728,0.067322046,7.979966,8.089455,-0.1364603340625763,0.063788615,49
nld,curriculum,9,245,0.5701999,0.57450527,-0.1368976682424545,0.104709074,7.8156805,7.9189267,-0.1290313005447387,0.0764215,49
nld,curriculum,10,245,0.5777709,0.5825889,-0.1381351351737976,0.097508095,7.6825905,7.77496,-0.1115026846528053,0.122230425,49
nld,curriculum,11,245,0.5950885,0.6022018,-0.186543807387352,0.028107006,7.5212564,7.6026487,-0.0930214524269104,0.1915074,49
nld,curriculum,12,245,0.6363722,0.6440392,-0.1857720762491226,0.02927893,23.502232,23.691706,-0.0775822699069976,0.30401936,49
zho,curriculum,0,279,0.77181375,0.77967143,-0.2408495843410492,0.0025593005,0.48032266,0.4683957,0.1726529449224472,0.0007739083,49
zho,curriculum,1,279,0.44305703,0.444622,-0.0387771837413311,0.6503978,4.689121,4.6062107,0.1159085035324096,0.04323098,49
zho,curriculum,2,279,0.44018424,0.44081417,-0.0171658489853143,0.84170663,6.429038,6.3599586,0.0838825851678848,0.17834674,49
zho,curriculum,3,279,0.45889834,0.45844495,0.0128352884203195,0.88162994,7.4050536,7.345814,0.0607752576470375,0.34614986,49
zho,curriculum,4,279,0.48528266,0.4843353,0.0283654276281595,0.73305106,8.279947,8.23834,0.0375146456062793,0.56999433,49
zho,curriculum,5,279,0.50323176,0.50231683,0.0266951359808444,0.74251324,8.9483,8.911558,0.0313515588641166,0.63262063,49
zho,curriculum,6,279,0.5091723,0.5090062,0.0046731843613088,0.9514662,9.477206,9.434862,0.0339585058391094,0.60497123,49
zho,curriculum,7,279,0.5103681,0.50961226,0.0201129782944917,0.7858116,9.779473,9.730529,0.0374990813434124,0.572374,49
zho,curriculum,8,279,0.5200026,0.51973754,0.0066635166294872,0.9273415,9.761046,9.670865,0.0714648514986038,0.26799756,49
zho,curriculum,9,279,0.52903324,0.531333,-0.0504908375442028,0.4860394,9.673738,9.531335,0.116570346057415,0.063602336,49
zho,curriculum,10,279,0.54273725,0.5436725,-0.0185641311109066,0.79221773,9.536838,9.380185,0.130261018872261,0.037861194,49
zho,curriculum,11,279,0.56110084,0.5596763,0.0256172697991132,0.7222224,9.425648,9.26818,0.1298943758010864,0.045730297,49
zho,curriculum,12,279,0.6005599,0.5992289,0.02211295068264,0.76018906,29.1255,28.899338,0.0634014457464218,0.34495908,49
